SKU_A,SKU_B,support,confidence,lift,antecedent support,consequent support,Lambda_A,Lambda_B
S049,S052,0.01,0.3225806451612903,4.743833017077798,0.031,0.068,2,6
S029,S051,0.025,0.390625,3.201844262295082,0.064,0.122,5,11
S075,S051,0.026,0.3714285714285714,3.0444964871194378,0.07,0.122,5,11
S069,S051,0.025,0.35714285714285715,2.927400468384075,0.07,0.122,7,11
S046,S051,0.015,0.3488372093023256,2.8593213877239805,0.043,0.122,3,11
S097,S051,0.013,0.34210526315789475,2.8041415012942195,0.038,0.122,3,11
S060,S051,0.019,0.33928571428571425,2.781030444964871,0.056,0.122,5,11
S052,S051,0.023,0.338235294117647,2.772420443587271,0.068,0.122,6,11
S059,S013,0.012,0.5217391304347826,2.6619343389529724,0.023,0.196,2,21
S027,S051,0.024,0.3037974683544304,2.490143183233036,0.079,0.122,7,11
S092,S031,0.011,0.6111111111111112,2.405949256342957,0.018,0.254,2,28
S064,S002,0.015,0.576923076923077,2.16076058772688,0.026,0.267,2,35
S034,S031,0.012,0.5454545454545455,2.1474588403722263,0.022,0.254,3,28
S032,S002,0.018,0.5625,2.1067415730337076,0.032,0.267,2,35
S020,S089,0.014,0.3111111111111111,2.0334059549745827,0.045,0.153,5,15
S011,S031,0.018,0.5,1.968503937007874,0.036,0.254,5,28
S061,S013,0.014,0.3783783783783784,1.9305019305019306,0.037,0.196,4,21
S024,S031,0.017,0.4857142857142857,1.9122609673790776,0.035,0.254,3,28
S067,S031,0.017,0.47222222222222227,1.8591426071741033,0.036,0.254,4,28
S025,S013,0.018,0.35294117647058826,1.8007202881152462,0.051,0.196,4,21
S018,S013,0.021,0.35000000000000003,1.7857142857142858,0.06,0.196,7,21
S026,S002,0.012,0.46153846153846156,1.7286084701815039,0.026,0.267,3,35
S090,S002,0.016,0.45714285714285713,1.7121455323702512,0.035,0.267,4,35
S030,S031,0.01,0.4347826086956522,1.7117425539198905,0.023,0.254,2,28
S034,S002,0.01,0.4545454545454546,1.7024174327545114,0.022,0.267,3,35
S072,S013,0.012,0.33333333333333337,1.7006802721088436,0.036,0.196,3,21
S066,S013,0.012,0.33333333333333337,1.7006802721088436,0.036,0.196,4,21
S079,S013,0.01,0.33333333333333337,1.7006802721088436,0.03,0.196,3,21
S028,S013,0.023,0.3333333333333333,1.7006802721088434,0.069,0.196,6,21
S050,S002,0.047,0.4519230769230769,1.6925957937193892,0.104,0.267,12,35
S025,S002,0.023,0.45098039215686275,1.68906513916428,0.051,0.267,4,35
S004,S002,0.012,0.4444444444444445,1.6645859342488556,0.027,0.267,2,35
S041,S002,0.015,0.4411764705882352,1.652346331791143,0.034,0.267,3,35
S099,S031,0.015,0.4166666666666667,1.6404199475065617,0.036,0.254,4,28
S028,S002,0.03,0.4347826086956521,1.6283992835043148,0.069,0.267,6,35
S000,S002,0.032,0.43243243243243246,1.6195971252151027,0.074,0.267,7,35
S074,S013,0.017,0.3148148148148148,1.6061980347694633,0.054,0.196,6,21
S058,S002,0.027,0.42857142857142855,1.6051364365971106,0.063,0.267,6,35
S047,S002,0.024,0.42857142857142855,1.6051364365971106,0.056,0.267,5,35
S028,S031,0.028,0.40579710144927533,1.5976263836585642,0.069,0.254,6,28
S082,S031,0.015,0.40540540540540543,1.5960842732496276,0.037,0.254,3,28
S032,S013,0.01,0.3125,1.5943877551020407,0.032,0.196,2,21
S088,S031,0.019,0.40425531914893614,1.5915563746021109,0.047,0.254,4,28
S050,S031,0.042,0.4038461538461539,1.589945487583283,0.104,0.254,12,28
S079,S031,0.012,0.4,1.5748031496062993,0.03,0.254,3,28
S005,S031,0.022,0.39999999999999997,1.574803149606299,0.055,0.254,6,28
S084,S013,0.019,0.3064516129032258,1.5635286372613562,0.062,0.196,6,21
S058,S031,0.025,0.39682539682539686,1.5623047119110112,0.063,0.254,6,28
S095,S002,0.03,0.4166666666666667,1.5605493133583022,0.072,0.267,8,35
S012,S002,0.021,0.411764705882353,1.542189909671734,0.051,0.267,4,35
S058,S013,0.019,0.30158730158730157,1.5387107223841916,0.063,0.196,6,21
S057,S002,0.025,0.4098360655737705,1.5349665377294774,0.061,0.267,7,35
S061,S002,0.015,0.40540540540540543,1.5183723048891589,0.037,0.267,4,35
S089,S002,0.062,0.40522875816993464,1.5177107047563094,0.153,0.267,15,35
S017,S002,0.036,0.4044943820224719,1.5149602322939022,0.089,0.267,10,35
S041,S031,0.013,0.38235294117647056,1.5053265400648448,0.034,0.254,3,28
S018,S002,0.024,0.4,1.4981273408239701,0.06,0.267,7,35
S089,S031,0.058,0.3790849673202615,1.492460501260872,0.153,0.254,15,28
S080,S031,0.045,0.37815126050420167,1.4887844901740224,0.119,0.254,13,28
S032,S031,0.012,0.375,1.4763779527559056,0.032,0.254,2,28
S014,S031,0.04,0.3738317757009346,1.4717786444918686,0.107,0.254,10,28
S084,S031,0.023,0.3709677419354839,1.460502921005842,0.062,0.254,6,28
S017,S031,0.033,0.3707865168539326,1.4597894364328055,0.089,0.254,10,28
S074,S002,0.021,0.3888888888888889,1.4565126924677485,0.054,0.267,6,35
S022,S002,0.019,0.3877551020408163,1.4522662997783382,0.049,0.267,4,35
S006,S002,0.043,0.3805309734513274,1.4252096383944846,0.113,0.267,12,35
S047,S031,0.02,0.35714285714285715,1.40607424071991,0.056,0.254,5,28
S020,S031,0.016,0.35555555555555557,1.399825021872266,0.045,0.254,5,28
S003,S002,0.025,0.373134328358209,1.3975068477835542,0.067,0.267,6,35
S008,S002,0.041,0.37272727272727274,1.3959822948586993,0.11,0.267,11,35
S074,S031,0.019,0.35185185185185186,1.3852435112277632,0.054,0.254,6,28
S000,S031,0.026,0.35135135135135137,1.383273036816344,0.074,0.254,7,28
S072,S002,0.013,0.3611111111111111,1.352476071577195,0.036,0.267,3,35
S045,S002,0.032,0.35955056179775285,1.3466313175945799,0.089,0.267,9,35
S056,S031,0.038,0.33628318584070793,1.3239495505539682,0.113,0.254,11,28
S008,S031,0.036,0.32727272727272727,1.2884753042233357,0.11,0.254,11,28
S024,S002,0.012,0.3428571428571428,1.2841091492776884,0.035,0.267,3,35
S098,S002,0.014,0.3414634146341463,1.2788891933863158,0.041,0.267,3,35
S061,S031,0.012,0.32432432432432434,1.2768674185997022,0.037,0.254,4,28
S084,S002,0.021,0.33870967741935487,1.268575570859007,0.062,0.267,6,35
S071,S031,0.037,0.3189655172413793,1.255769752918816,0.116,0.254,11,28
S067,S002,0.012,0.33333333333333337,1.2484394506866419,0.036,0.267,4,35
S099,S002,0.012,0.33333333333333337,1.2484394506866419,0.036,0.267,4,35
S020,S002,0.015,0.3333333333333333,1.2484394506866416,0.045,0.267,5,35
S003,S031,0.021,0.31343283582089554,1.2339875426019509,0.067,0.254,6,28
S080,S002,0.039,0.3277310924369748,1.2274572750448494,0.119,0.267,13,35
S071,S002,0.038,0.3275862068965517,1.2269146325713547,0.116,0.267,11,35
S056,S002,0.037,0.327433628318584,1.226343177223161,0.113,0.267,11,35
S006,S031,0.035,0.3097345132743363,1.2194272176154972,0.113,0.254,12,28
S072,S031,0.011,0.3055555555555556,1.2029746281714786,0.036,0.254,3,28
S088,S002,0.015,0.3191489361702127,1.1953143676786993,0.047,0.267,4,35
S018,S031,0.018,0.3,1.1811023622047243,0.06,0.254,7,28
S013,S002,0.061,0.3112244897959183,1.1656347932431397,0.196,0.267,21,35
